lesson_id,module,module_title,week,session,group,title,legacy_assets,kind,path,status,version,slides,updated
M01-W01-L01,M01,인체일반생물학과 기초세포생물학,1,1,,순환계 요약: 심장·혈관·혈류와 항상성,,lecture,curriculum/M01/W01/L01/,초안,v0.1,,
M01-W01-L02,M01,인체일반생물학과 기초세포생물학,1,2,,호흡계 요약: 환기·가스교환·산소 운반,,lecture,curriculum/M01/W01/L02/,초안,v0.1,,
M01-W01-L03,M01,인체일반생물학과 기초세포생물학,1,3,,소화계 요약: 소화·흡수·간의 역할,,lecture,curriculum/M01/W01/L03/,초안,v0.1,,
M01-W02-L01,M01,인체일반생물학과 기초세포생물학,2,1,,신장·비뇨계 요약: 배설·체액·전해질 조절,,lecture,curriculum/M01/W02/L01/,초안,v0.1,,
M01-W02-L02,M01,인체일반생물학과 기초세포생물학,2,2,,내분비계 요약: 호르몬과 되먹임,,lecture,curriculum/M01/W02/L02/,초안,v0.1,,
M01-W02-L03,M01,인체일반생물학과 기초세포생물학,2,3,,생식계 요약: 생식기관·생식세포·호르몬,,lecture,curriculum/M01/W02/L03/,초안,v0.1,,
M01-W03-L01,M01,인체일반생물학과 기초세포생물학,3,1,,발생 요약: 수정·배엽·기관 형성,,lecture,curriculum/M01/W03/L01/,설계,,,
M01-W03-L02,M01,인체일반생물학과 기초세포생물학,3,2,,동물행동 요약: 감각·행동·학습과 적응,,lecture,curriculum/M01/W03/L02/,설계,,,
M01-W03-L03,M01,인체일반생물학과 기초세포생물학,3,3,,근육 요약: 근육 유형·수축·운동,,lecture,curriculum/M01/W03/L03/,설계,,,
M01-W04-L01,M01,인체일반생물학과 기초세포생물학,4,1,,골학 요약: 골격·관절·뼈의 재형성,,lecture,curriculum/M01/W04/L01/,설계,,,
M01-W04-L02,M01,인체일반생물학과 기초세포생물학,4,2,,대사기초 요약: 에너지·영양소·섭식과 공복,,lecture,curriculum/M01/W04/L02/,설계,,,
M01-W04-L03,M01,인체일반생물학과 기초세포생물학,4,3,,유전기초 요약: DNA·유전자·유전과 변이,,lecture,curriculum/M01/W04/L03/,설계,,,
M01-W05-L01,M01,인체일반생물학과 기초세포생물학,5,1,,세포의 기원·진화와 세포 연구 방법,,lecture,curriculum/M01/W05/L01/,초안,v0.1,,
M01-W05-L02,M01,인체일반생물학과 기초세포생물학,5,2,,생체분자와 막의 구조,,lecture,curriculum/M01/W05/L02/,초안,v0.1,,
M01-W05-L03,M01,인체일반생물학과 기초세포생물학,5,3,,유전정보의 흐름: 복제·전사·번역,,lecture,curriculum/M01/W05/L03/,초안,v0.1,,
M01-W06-L01,M01,인체일반생물학과 기초세포생물학,6,1,,재조합 DNA와 분자생물학 실험 기법,,lecture,curriculum/M01/W06/L01/,초안,v0.1,,
M01-W06-L02,M01,인체일반생물학과 기초세포생물학,6,2,,유전자와 유전체의 구성,,lecture,curriculum/M01/W06/L02/,초안,v0.1,,
M01-W06-L03,M01,인체일반생물학과 기초세포생물학,6,3,,DNA 복제·복구와 유전체 재배열,,lecture,curriculum/M01/W06/L03/,초안,v0.1,,
M01-W07-L01,M01,인체일반생물학과 기초세포생물학,7,1,,RNA 합성과 가공 [6장],,lecture,curriculum/M01/W07/L01/,설계,,,
M01-W07-L02,M01,인체일반생물학과 기초세포생물학,7,2,,전사 조절과 후성유전 [7장],,lecture,curriculum/M01/W07/L02/,설계,,,
M01-W07-L03,M01,인체일반생물학과 기초세포생물학,7,3,,단백질 합성: ribosome과 번역의 단계 [8장],,lecture,curriculum/M01/W07/L03/,설계,,,
M01-W08-L01,M01,인체일반생물학과 기초세포생물학,8,1,,"번역 후 가공, 단백질 접힘과 분해",,lecture,curriculum/M01/W08/L01/,초안,v0.1,,
M01-W08-L02,M01,인체일반생물학과 기초세포생물학,8,2,,유전체·단백체와 시스템생물학,,lecture,curriculum/M01/W08/L02/,초안,v0.1,,
M01-W08-L03,M01,인체일반생물학과 기초세포생물학,8,3,,핵과 핵-세포질 수송 [10장],,lecture,curriculum/M01/W08/L03/,설계,,,
M01-W09-L01,M01,인체일반생물학과 기초세포생물학,9,1,,단백질 표적화와 소포 수송 [11장],,lecture,curriculum/M01/W09/L01/,설계,,,
M01-W09-L02,M01,인체일반생물학과 기초세포생물학,9,2,,생체에너지: 자유에너지와 ATP,,lecture,curriculum/M01/W09/L02/,초안,v0.1,,
M01-W09-L03,M01,인체일반생물학과 기초세포생물학,9,3,,Glycolysis·oxidative phosphorylation과 광합성 개요,,lecture,curriculum/M01/W09/L03/,초안,v0.1,,
M01-W10-L01,M01,인체일반생물학과 기초세포생물학,10,1,,미토콘드리아·엽록체·퍼옥시좀의 구조와 기능,,lecture,curriculum/M01/W10/L01/,초안,v0.1,,
M01-W10-L02,M01,인체일반생물학과 기초세포생물학,10,2,,세포골격과 세포 운동 [13장],,lecture,curriculum/M01/W10/L02/,설계,,,
M01-W10-L03,M01,인체일반생물학과 기초세포생물학,10,3,,원형질막과 막수송 [14장],,lecture,curriculum/M01/W10/L03/,설계,,,
M01-W11-L01,M01,인체일반생물학과 기초세포생물학,11,1,,세포외기질과 세포 간 결합 [15장],,lecture,curriculum/M01/W11/L01/,설계,,,
M01-W11-L02,M01,인체일반생물학과 기초세포생물학,11,2,,세포 신호전달: 수용체와 2차 전령 [16장],,lecture,curriculum/M01/W11/L02/,설계,,,
M01-W11-L03,M01,인체일반생물학과 기초세포생물학,11,3,,신호 경로의 통합과 발생·질환에서의 역할 [16장],,lecture,curriculum/M01/W11/L03/,설계,,,
M01-W12-L01,M01,인체일반생물학과 기초세포생물학,12,1,,세포주기와 그 조절,,lecture,curriculum/M01/W12/L01/,초안,v0.1,,
M01-W12-L02,M01,인체일반생물학과 기초세포생물학,12,2,,세포 재생과 세포 사멸 [18장],,lecture,curriculum/M01/W12/L02/,설계,,,
M01-W12-L03,M01,인체일반생물학과 기초세포생물학,12,3,,암의 세포생물학 [19장],,lecture,curriculum/M01/W12/L03/,설계,,,
M02-W01-L01,M02,대사생화학,1,1,기본대사,아미노산·산염기·완충계 [1장],,lecture,curriculum/M02/W01/L01/,설계,,,
M02-W01-L02,M02,대사생화학,1,2,기본대사,단백질의 구조·접힘·변성 [2장],,lecture,curriculum/M02/W01/L02/,설계,,,
M02-W01-L03,M02,대사생화학,1,3,기본대사,Hemoglobin·myoglobin과 산소 운반 [3장],,lecture,curriculum/M02/W01/L03/,설계,,,
M02-W02-L01,M02,대사생화학,2,1,기본대사,Collagen·elastin과 섬유성 단백질 [4장],,lecture,curriculum/M02/W02/L01/,설계,,,
M02-W02-L02,M02,대사생화학,2,2,기본대사,효소의 촉매 원리와 동역학 [5장],,lecture,curriculum/M02/W02/L02/,설계,,,
M02-W02-L03,M02,대사생화학,2,3,기본대사,효소 억제·조절·진단 활용 [5장],,lecture,curriculum/M02/W02/L03/,설계,,,
M02-W03-L01,M02,대사생화학,3,1,기본대사,생체에너지·ATP·산화환원 [6장],,lecture,curriculum/M02/W03/L01/,설계,,,
M02-W03-L02,M02,대사생화학,3,2,기본대사,Electron transport chain과 oxidative phosphorylation [6장],,lecture,curriculum/M02/W03/L02/,설계,,,
M02-W03-L03,M02,대사생화학,3,3,기본대사,탄수화물의 구조와 glycosaminoglycan·proteoglycan·당단백질 [7·14장],,lecture,curriculum/M02/W03/L03/,설계,,,
M02-W04-L01,M02,대사생화학,4,1,당대사,대사 개요와 glycolysis의 반응 [8장],,lecture,curriculum/M02/W04/L01/,설계,,,
M02-W04-L02,M02,대사생화학,4,2,당대사,Glycolysis의 조절·젖산·조직별 기능 [8장],,lecture,curriculum/M02/W04/L02/,설계,,,
M02-W04-L03,M02,대사생화학,4,3,당대사,Pyruvate dehydrogenase complex [9장],,lecture,curriculum/M02/W04/L03/,설계,,,
M02-W05-L01,M02,대사생화학,5,1,당대사,TCA cycle과 대사 연결 [9장],,lecture,curriculum/M02/W05/L01/,설계,,,
M02-W05-L02,M02,대사생화학,5,2,당대사,Gluconeogenesis의 반응과 조절 [10장],,lecture,curriculum/M02/W05/L02/,설계,,,
M02-W05-L03,M02,대사생화학,5,3,당대사,Glycogen 합성·분해·호르몬 조절 [11장],,lecture,curriculum/M02/W05/L03/,설계,,,
M02-W06-L01,M02,대사생화학,6,1,당대사,Glycogen storage disease와 증례 해석 [11장],,lecture,curriculum/M02/W06/L01/,설계,,,
M02-W06-L02,M02,대사생화학,6,2,당대사,Fructose·galactose·이당류 대사 [12장],,lecture,curriculum/M02/W06/L02/,설계,,,
M02-W06-L03,M02,대사생화학,6,3,당대사,Pentose phosphate pathway·NADPH·G6PD [13장],,lecture,curriculum/M02/W06/L03/,설계,,,
M02-W07-L01,M02,대사생화학,7,1,지질대사,식이지질의 소화·흡수·운반,,lecture,curriculum/M02/W07/L01/,초안,v0.1,,
M02-W07-L02,M02,대사생화학,7,2,지질대사,지방산 합성과 조절,,lecture,curriculum/M02/W07/L02/,초안,v0.1,,
M02-W07-L03,M02,대사생화학,7,3,지질대사,지방산 산화와 관련 대사 이상,,lecture,curriculum/M02/W07/L03/,초안,v0.1,,
M02-W08-L01,M02,대사생화학,8,1,지질대사,Triacylglycerol 대사와 지방 동원,,lecture,curriculum/M02/W08/L01/,초안,v0.1,,
M02-W08-L02,M02,대사생화학,8,2,지질대사,케톤체 생성·이용과 ketoacidosis,,lecture,curriculum/M02/W08/L02/,초안,v0.1,,
M02-W08-L03,M02,대사생화학,8,3,지질대사,Phospholipid·sphingolipid 대사,,lecture,curriculum/M02/W08/L03/,초안,v0.1,,
M02-W09-L01,M02,대사생화학,9,1,지질대사,Eicosanoid와 지질 신호 [17장],,lecture,curriculum/M02/W09/L01/,설계,,,
M02-W09-L02,M02,대사생화학,9,2,지질대사,"Cholesterol, 담즙산과 steroid 대사",,lecture,curriculum/M02/W09/L02/,초안,v0.2,,
M02-W09-L03,M02,대사생화학,9,3,지질대사,Lipoprotein 대사와 이상지질혈증 [18장],,lecture,curriculum/M02/W09/L03/,설계,,,
M02-W10-L01,M02,대사생화학,10,1,질소대사,아미노산 질소 처리와 urea cycle,,lecture,curriculum/M02/W10/L01/,초안,v0.1,,
M02-W10-L02,M02,대사생화학,10,2,질소대사,Urea cycle 이상과 고암모니아혈증 [19장],,lecture,curriculum/M02/W10/L02/,설계,,,
M02-W10-L03,M02,대사생화학,10,3,질소대사,아미노산 분해 경로와 탄소 골격의 운명 [20장],,lecture,curriculum/M02/W10/L03/,설계,,,
M02-W11-L01,M02,대사생화학,11,1,질소대사,선천성 아미노산 대사질환의 진단과 관리 [20장],,lecture,curriculum/M02/W11/L01/,설계,,,
M02-W11-L02,M02,대사생화학,11,2,질소대사,아미노산 유래 특수 산물·heme 합성과 porphyria [21장],,lecture,curriculum/M02/W11/L02/,설계,,,
M02-W11-L03,M02,대사생화학,11,3,질소대사,Nucleotide 대사: purine·pyrimidine과 관련 질환 [22장],,lecture,curriculum/M02/W11/L03/,설계,,,
M02-W12-L01,M02,대사생화학,12,1,대사조절과 질환,Insulin·glucagon의 대사 작용 [23장],,lecture,curriculum/M02/W12/L01/,설계,,,
M02-W12-L02,M02,대사생화학,12,2,대사조절과 질환,섭식·공복 주기의 장기별 대사 통합 [24장],,lecture,curriculum/M02/W12/L02/,설계,,,
M02-W12-L03,M02,대사생화학,12,3,대사조절과 질환,에너지 센서: AMPK·mTORC1·sirtuin과 영양 가용성,,lecture,curriculum/M02/W12/L03/,설계,,,
M02-W13-L01,M02,대사생화학,13,1,대사조절과 질환,장기 간 대사 교신: 간·근육·지방·뇌 축과 기질 흐름,,lecture,curriculum/M02/W13/L01/,설계,,,
M02-W13-L02,M02,대사생화학,13,2,대사조절과 질환,인슐린 저항성의 분자 기전: 지질 중간체·염증·소포체 스트레스,,lecture,curriculum/M02/W13/L02/,설계,,,
M02-W13-L03,M02,대사생화학,13,3,대사조절과 질환,당뇨병의 생화학과 급성 대사 합병증 [25장],,lecture,curriculum/M02/W13/L03/,설계,,,
M02-W14-L01,M02,대사생화학,14,1,대사조절과 질환,비만의 에너지 균형과 지방조직 내분비 [26장],,lecture,curriculum/M02/W14/L01/,설계,,,
M02-W14-L02,M02,대사생화학,14,2,대사조절과 질환,대사이상 지방간질환과 간 지질 흐름,,lecture,curriculum/M02/W14/L02/,설계,,,
M02-W14-L03,M02,대사생화학,14,3,대사조절과 질환,대사 중재의 생화학: 절식·운동과 incretin·SGLT2 표적,,lecture,curriculum/M02/W14/L03/,설계,,,
M03-W01-L01,M03,분자유전학과 계통별 의학생화학특론,1,1,,DNA의 구조와 염색질 포장 [30장],,lecture,curriculum/M03/W01/L01/,설계,,,
M03-W01-L02,M03,분자유전학과 계통별 의학생화학특론,1,2,,DNA 복제의 기전과 효소 [30장],,lecture,curriculum/M03/W01/L02/,설계,,,
M03-W01-L03,M03,분자유전학과 계통별 의학생화학특론,1,3,,DNA 손상과 복구 경로 [30장],,lecture,curriculum/M03/W01/L03/,설계,,,
M03-W02-L01,M03,분자유전학과 계통별 의학생화학특론,2,1,,복구 결함 질환과 유전체 불안정성 [30장],,lecture,curriculum/M03/W02/L01/,설계,,,
M03-W02-L02,M03,분자유전학과 계통별 의학생화학특론,2,2,,RNA의 종류와 전사의 기전 [31장],,lecture,curriculum/M03/W02/L02/,설계,,,
M03-W02-L03,M03,분자유전학과 계통별 의학생화학특론,2,3,,전사 후 가공: capping·splicing·polyadenylation [31장],,lecture,curriculum/M03/W02/L03/,설계,,,
M03-W03-L01,M03,분자유전학과 계통별 의학생화학특론,3,1,,"Splicing 이상과 질환, RNA 안정성 조절",,lecture,curriculum/M03/W03/L01/,초안,v0.1,,
M03-W03-L02,M03,분자유전학과 계통별 의학생화학특론,3,2,,유전암호와 tRNA의 역할,,lecture,curriculum/M03/W03/L02/,초안,v0.1,,
M03-W03-L03,M03,분자유전학과 계통별 의학생화학특론,3,3,,Ribosome과 번역의 단계,,lecture,curriculum/M03/W03/L03/,초안,v0.1,,
M03-W04-L01,M03,분자유전학과 계통별 의학생화학특론,4,1,,"번역 후 수정, 단백질 접힘과 분해",,lecture,curriculum/M03/W04/L01/,초안,v0.1,,
M03-W04-L02,M03,분자유전학과 계통별 의학생화학특론,4,2,,유전자 발현 조절의 원리와 조절 단위,,lecture,curriculum/M03/W04/L02/,초안,v0.2,,
M03-W04-L03,M03,분자유전학과 계통별 의학생화학특론,4,3,,전사인자·enhancer와 조절 네트워크,,lecture,curriculum/M03/W04/L03/,초안,v0.2,,
M03-W05-L01,M03,분자유전학과 계통별 의학생화학특론,5,1,,후성유전 조절 — DNA methylation과 histone 수식,,lecture,curriculum/M03/W05/L01/,초안,v0.2,,
M03-W05-L02,M03,분자유전학과 계통별 의학생화학특론,5,2,,Non-coding RNA와 발현 조절,,lecture,curriculum/M03/W05/L02/,초안,v0.1,,
M03-W05-L03,M03,분자유전학과 계통별 의학생화학특론,5,3,,재조합 DNA와 cloning의 원리 [34장],,lecture,curriculum/M03/W05/L03/,설계,,,
M03-W06-L01,M03,분자유전학과 계통별 의학생화학특론,6,1,,PCR·염기서열 분석과 유전자 진단 [34장],,lecture,curriculum/M03/W06/L01/,설계,,,
M03-W06-L02,M03,분자유전학과 계통별 의학생화학특론,6,2,,유전자 치료와 유전체 편집 [34장],,lecture,curriculum/M03/W06/L02/,설계,,,
M03-W06-L03,M03,분자유전학과 계통별 의학생화학특론,6,3,,분자 진단의 임상 적용과 결과 해석 [34장],,lecture,curriculum/M03/W06/L03/,설계,,,
M03-W07-L01,M03,분자유전학과 계통별 의학생화학특론,7,1,,심근의 기질 선택과 에너지 대사,,lecture,curriculum/M03/W07/L01/,설계,,,
M03-W07-L02,M03,분자유전학과 계통별 의학생화학특론,7,2,,죽상경화의 지질·염증 생화학,,lecture,curriculum/M03/W07/L02/,설계,,,
M03-W07-L03,M03,분자유전학과 계통별 의학생화학특론,7,3,,허혈과 심부전의 대사 재편성과 치료 표적,,lecture,curriculum/M03/W07/L03/,설계,,,
M03-W08-L01,M03,분자유전학과 계통별 의학생화학특론,8,1,,간의 기질 처리·해독 대사와 간질환,,lecture,curriculum/M03/W08/L01/,설계,,,
M03-W08-L02,M03,분자유전학과 계통별 의학생화학특론,8,2,,담즙산 신호와 장간 순환,,lecture,curriculum/M03/W08/L02/,설계,,,
M03-W08-L03,M03,분자유전학과 계통별 의학생화학특론,8,3,,장내 미생물 대사체와 숙주 대사의 상호작용,,lecture,curriculum/M03/W08/L03/,설계,,,
M03-W09-L01,M03,분자유전학과 계통별 의학생화학특론,9,1,,신장의 에너지 요구와 세관 대사,,lecture,curriculum/M03/W09/L01/,설계,,,
M03-W09-L02,M03,분자유전학과 계통별 의학생화학특론,9,2,,체액·전해질·산염기의 생화학적 조절,,lecture,curriculum/M03/W09/L02/,설계,,,
M03-W09-L03,M03,분자유전학과 계통별 의학생화학특론,9,3,,만성 신질환의 대사 합병증과 요독 용질,,lecture,curriculum/M03/W09/L03/,설계,,,
M03-W10-L01,M03,분자유전학과 계통별 의학생화학특론,10,1,,면역세포의 대사 재편성,,lecture,curriculum/M03/W10/L01/,설계,,,
M03-W10-L02,M03,분자유전학과 계통별 의학생화학특론,10,2,,염증과 대사 질환의 접점,,lecture,curriculum/M03/W10/L02/,설계,,,
M03-W10-L03,M03,분자유전학과 계통별 의학생화학특론,10,3,,감염·패혈증에서 숙주 대사의 변화,,lecture,curriculum/M03/W10/L03/,설계,,,
M03-W11-L01,M03,분자유전학과 계통별 의학생화학특론,11,1,,신생아 대사 적응과 선천성 대사질환 선별,,lecture,curriculum/M03/W11/L01/,설계,,,
M03-W11-L02,M03,분자유전학과 계통별 의학생화학특론,11,2,,아미노산·유기산 대사 이상의 진단과 급성 관리,,lecture,curriculum/M03/W11/L02/,설계,,,
M03-W11-L03,M03,분자유전학과 계통별 의학생화학특론,11,3,,지방산 산화·미토콘드리아 질환과 저장질환,,lecture,curriculum/M03/W11/L03/,설계,,,
M03-W12-L01,M03,분자유전학과 계통별 의학생화학특론,12,1,,노화의 대사 표지: 미토콘드리아·NAD·단백질 항상성,,lecture,curriculum/M03/W12/L01/,설계,,,
M03-W12-L02,M03,분자유전학과 계통별 의학생화학특론,12,2,,세포 노화와 만성 염증의 대사,,lecture,curriculum/M03/W12/L02/,설계,,,
M03-W12-L03,M03,분자유전학과 계통별 의학생화학특론,12,3,,"근감소와 대사 유연성 저하, 중재의 근거",,lecture,curriculum/M03/W12/L03/,설계,,,
M03-W13-L01,M03,분자유전학과 계통별 의학생화학특론,13,1,,종양 세포의 대사 재프로그래밍,,lecture,curriculum/M03/W13/L01/,설계,,,
M03-W13-L02,M03,분자유전학과 계통별 의학생화학특론,13,2,,종양 미세환경의 대사 경쟁,,lecture,curriculum/M03/W13/L02/,설계,,,
M03-W13-L03,M03,분자유전학과 계통별 의학생화학특론,13,3,,대사를 표적으로 하는 항암 치료와 내성,,lecture,curriculum/M03/W13/L03/,설계,,,
M03-W14-L01,M03,분자유전학과 계통별 의학생화학특론,14,1,,뇌 에너지 대사와 신경-교세포 대사 결합,,lecture,curriculum/M03/W14/L01/,설계,,,
M03-W14-L02,M03,분자유전학과 계통별 의학생화학특론,14,2,,신경 발생기의 대사와 소아 신경대사질환,,lecture,curriculum/M03/W14/L02/,설계,,,
M03-W14-L03,M03,분자유전학과 계통별 의학생화학특론,14,3,,신경퇴행질환의 대사 이상과 중재,,lecture,curriculum/M03/W14/L03/,설계,,,
M04-W01-L01,M04,기초신경과학과 신경유전/신경중개의과학특론,1,1,기초신경과학,신경계의 구성과 연구 접근,,lecture,curriculum/M04/W01/L01/,설계,,,
M04-W01-L02,M04,기초신경과학과 신경유전/신경중개의과학특론,1,2,기초신경과학,뉴런과 교세포,,lecture,curriculum/M04/W01/L02/,설계,,,
M04-W01-L03,M04,기초신경과학과 신경유전/신경중개의과학특론,1,3,기초신경과학,신경계 발생과 회로 형성,,lecture,curriculum/M04/W01/L03/,설계,,,
M04-W02-L01,M04,기초신경과학과 신경유전/신경중개의과학특론,2,1,기초신경과학,막전위와 이온 평형,,lecture,curriculum/M04/W02/L01/,설계,,,
M04-W02-L02,M04,기초신경과학과 신경유전/신경중개의과학특론,2,2,기초신경과학,활동전위와 전도,,lecture,curriculum/M04/W02/L02/,설계,,,
M04-W02-L03,M04,기초신경과학과 신경유전/신경중개의과학특론,2,3,기초신경과학,이온통로와 channelopathy,,lecture,curriculum/M04/W02/L03/,설계,,,
M04-W03-L01,M04,기초신경과학과 신경유전/신경중개의과학특론,3,1,기초신경과학,시냅스 전달과 수용체,,lecture,curriculum/M04/W03/L01/,설계,,,
M04-W03-L02,M04,기초신경과학과 신경유전/신경중개의과학특론,3,2,기초신경과학,신경전달물질과 신경조절,,lecture,curriculum/M04/W03/L02/,설계,,,
M04-W03-L03,M04,기초신경과학과 신경유전/신경중개의과학특론,3,3,기초신경과학,시냅스 통합과 신경회로,,lecture,curriculum/M04/W03/L03/,설계,,,
M04-W04-L01,M04,기초신경과학과 신경유전/신경중개의과학특론,4,1,기초신경과학,중추신경계의 해부학,,lecture,curriculum/M04/W04/L01/,설계,,,
M04-W04-L02,M04,기초신경과학과 신경유전/신경중개의과학특론,4,2,기초신경과학,말초신경계와 자율신경계,,lecture,curriculum/M04/W04/L02/,설계,,,
M04-W04-L03,M04,기초신경과학과 신경유전/신경중개의과학특론,4,3,기초신경과학,체성감각과 통증의 경로,,lecture,curriculum/M04/W04/L03/,설계,,,
M04-W05-L01,M04,기초신경과학과 신경유전/신경중개의과학특론,5,1,기초신경과학,시각계와 정보 처리,,lecture,curriculum/M04/W05/L01/,설계,,,
M04-W05-L02,M04,기초신경과학과 신경유전/신경중개의과학특론,5,2,기초신경과학,청각·전정계,,lecture,curriculum/M04/W05/L02/,설계,,,
M04-W05-L03,M04,기초신경과학과 신경유전/신경중개의과학특론,5,3,기초신경과학,후각·미각과 화학감각,,lecture,curriculum/M04/W05/L03/,설계,,,
M04-W06-L01,M04,기초신경과학과 신경유전/신경중개의과학특론,6,1,기초신경과학,운동계와 척수 회로,,lecture,curriculum/M04/W06/L01/,설계,,,
M04-W06-L02,M04,기초신경과학과 신경유전/신경중개의과학특론,6,2,기초신경과학,기저핵과 운동 조절,,lecture,curriculum/M04/W06/L02/,설계,,,
M04-W06-L03,M04,기초신경과학과 신경유전/신경중개의과학특론,6,3,기초신경과학,소뇌와 운동 학습,,lecture,curriculum/M04/W06/L03/,설계,,,
M04-W07-L01,M04,기초신경과학과 신경유전/신경중개의과학특론,7,1,기초신경과학,시상하부·항상성과 정서·변연계,,lecture,curriculum/M04/W07/L01/,설계,,,
M04-W07-L02,M04,기초신경과학과 신경유전/신경중개의과학특론,7,2,기초신경과학,수면·각성과 생체리듬,,lecture,curriculum/M04/W07/L02/,설계,,,
M04-W07-L03,M04,기초신경과학과 신경유전/신경중개의과학특론,7,3,기초신경과학,"시냅스 가소성, 학습과 기억",,lecture,curriculum/M04/W07/L03/,설계,,,
M04-W08-L01,M04,기초신경과학과 신경유전/신경중개의과학특론,8,1,신경질환과 치료,뇌전증과 신경회로 이상,,lecture,curriculum/M04/W08/L01/,설계,,,
M04-W08-L02,M04,기초신경과학과 신경유전/신경중개의과학특론,8,2,신경질환과 치료,뇌졸중과 허혈 손상의 분자 기전,,lecture,curriculum/M04/W08/L02/,설계,,,
M04-W08-L03,M04,기초신경과학과 신경유전/신경중개의과학특론,8,3,신경질환과 치료,두부외상과 축삭 손상,,lecture,curriculum/M04/W08/L03/,설계,,,
M04-W09-L01,M04,기초신경과학과 신경유전/신경중개의과학특론,9,1,신경질환과 치료,Alzheimer disease: amyloid와 tau,,lecture,curriculum/M04/W09/L01/,설계,,,
M04-W09-L02,M04,기초신경과학과 신경유전/신경중개의과학특론,9,2,신경질환과 치료,Parkinson disease와 운동질환,,lecture,curriculum/M04/W09/L02/,설계,,,
M04-W09-L03,M04,기초신경과학과 신경유전/신경중개의과학특론,9,3,신경질환과 치료,Huntington disease와 반복서열 질환,,lecture,curriculum/M04/W09/L03/,설계,,,
M04-W10-L01,M04,기초신경과학과 신경유전/신경중개의과학특론,10,1,신경질환과 치료,ALS와 운동신경원질환,,lecture,curriculum/M04/W10/L01/,설계,,,
M04-W10-L02,M04,기초신경과학과 신경유전/신경중개의과학특론,10,2,신경질환과 치료,Frontotemporal dementia와 단백질병증,,lecture,curriculum/M04/W10/L02/,설계,,,
M04-W10-L03,M04,기초신경과학과 신경유전/신경중개의과학특론,10,3,신경질환과 치료,다발성경화증과 탈수초질환,,lecture,curriculum/M04/W10/L03/,설계,,,
M04-W11-L01,M04,기초신경과학과 신경유전/신경중개의과학특론,11,1,신경질환과 치료,자가면역 뇌염과 신경면역 이상,,lecture,curriculum/M04/W11/L01/,설계,,,
M04-W11-L02,M04,기초신경과학과 신경유전/신경중개의과학특론,11,2,신경질환과 치료,Blood-brain barrier와 신경혈관단위,,lecture,curriculum/M04/W11/L02/,설계,,,
M04-W11-L03,M04,기초신경과학과 신경유전/신경중개의과학특론,11,3,신경질환과 치료,신경감염과 prion 질환,,lecture,curriculum/M04/W11/L03/,설계,,,
M04-W12-L01,M04,기초신경과학과 신경유전/신경중개의과학특론,12,1,신경질환과 치료,뇌종양의 분자 기전과 미세환경,,lecture,curriculum/M04/W12/L01/,설계,,,
M04-W12-L02,M04,기초신경과학과 신경유전/신경중개의과학특론,12,2,신경질환과 치료,신경발달질환: 자폐와 지적장애,,lecture,curriculum/M04/W12/L02/,설계,,,
M04-W12-L03,M04,기초신경과학과 신경유전/신경중개의과학특론,12,3,신경질환과 치료,소아 뇌전증과 신경유전질환,,lecture,curriculum/M04/W12/L03/,설계,,,
M04-W13-L01,M04,기초신경과학과 신경유전/신경중개의과학특론,13,1,신경질환과 치료,신경근육질환과 말초신경병증,,lecture,curriculum/M04/W13/L01/,설계,,,
M04-W13-L02,M04,기초신경과학과 신경유전/신경중개의과학특론,13,2,신경질환과 치료,편두통과 만성 통증,,lecture,curriculum/M04/W13/L02/,설계,,,
M04-W13-L03,M04,기초신경과학과 신경유전/신경중개의과학특론,13,3,신경질환과 치료,정신질환의 유전과 회로,,lecture,curriculum/M04/W13/L03/,설계,,,
M04-W14-L01,M04,기초신경과학과 신경유전/신경중개의과학특론,14,1,신경질환과 치료,신경질환 모델: 세포·동물·오가노이드,,lecture,curriculum/M04/W14/L01/,설계,,,
M04-W14-L02,M04,기초신경과학과 신경유전/신경중개의과학특론,14,2,신경질환과 치료,신경 유전자 치료와 세포 치료,,lecture,curriculum/M04/W14/L02/,설계,,,
M04-W14-L03,M04,기초신경과학과 신경유전/신경중개의과학특론,14,3,신경질환과 치료,신경조절과 뇌-기계 접속,,lecture,curriculum/M04/W14/L03/,설계,,,
M05-W01-L01,M05,계통별기초의학심화,1,1,,계통별 기초의학과 항상성 통합,,lecture,curriculum/M05/W01/L01/,설계,,,
M05-W01-L02,M05,계통별기초의학심화,1,2,,상피·결합조직과 장벽 기능,,lecture,curriculum/M05/W01/L02/,설계,,,
M05-W01-L03,M05,계통별기초의학심화,1,3,,혈관·면역·신경의 조직 연결,,lecture,curriculum/M05/W01/L03/,설계,,,
M05-W02-L01,M05,계통별기초의학심화,2,1,,심근의 전기생리와 수축,,lecture,curriculum/M05/W02/L01/,설계,,,
M05-W02-L02,M05,계통별기초의학심화,2,2,,혈류역학과 혈압 조절,,lecture,curriculum/M05/W02/L02/,설계,,,
M05-W02-L03,M05,계통별기초의학심화,2,3,,허혈·심부전의 기초 기전,,lecture,curriculum/M05/W02/L03/,설계,,,
M05-W03-L01,M05,계통별기초의학심화,3,1,,호흡역학과 환기,,lecture,curriculum/M05/W03/L01/,설계,,,
M05-W03-L02,M05,계통별기초의학심화,3,2,,가스교환과 산소 운반,,lecture,curriculum/M05/W03/L02/,설계,,,
M05-W03-L03,M05,계통별기초의학심화,3,3,,호흡기 염증과 조직 손상,,lecture,curriculum/M05/W03/L03/,설계,,,
M05-W04-L01,M05,계통별기초의학심화,4,1,,신장 여과와 세뇨관 수송,,lecture,curriculum/M05/W04/L01/,설계,,,
M05-W04-L02,M05,계통별기초의학심화,4,2,,체액·전해질·산염기 조절,,lecture,curriculum/M05/W04/L02/,설계,,,
M05-W04-L03,M05,계통별기초의학심화,4,3,,신손상과 신장질환 기전,,lecture,curriculum/M05/W04/L03/,설계,,,
M05-W05-L01,M05,계통별기초의학심화,5,1,,소화관 운동·분비·흡수,,lecture,curriculum/M05/W05/L01/,설계,,,
M05-W05-L02,M05,계통별기초의학심화,5,2,,간의 대사·해독·재생,,lecture,curriculum/M05/W05/L02/,설계,,,
M05-W05-L03,M05,계통별기초의학심화,5,3,,장벽 기능과 장·간 연결,,lecture,curriculum/M05/W05/L03/,설계,,,
M05-W06-L01,M05,계통별기초의학심화,6,1,,내분비 신호와 되먹임,,lecture,curriculum/M05/W06/L01/,설계,,,
M05-W06-L02,M05,계통별기초의학심화,6,2,,시상하부·뇌하수체·말초샘,,lecture,curriculum/M05/W06/L02/,설계,,,
M05-W06-L03,M05,계통별기초의학심화,6,3,,내분비 질환의 통합 기전,,lecture,curriculum/M05/W06/L03/,설계,,,
M05-W07-L01,M05,계통별기초의학심화,7,1,,조혈과 혈액세포 분화,,lecture,curriculum/M05/W07/L01/,설계,,,
M05-W07-L02,M05,계통별기초의학심화,7,2,,지혈·응고·혈전,,lecture,curriculum/M05/W07/L02/,설계,,,
M05-W07-L03,M05,계통별기초의학심화,7,3,,빈혈과 혈액질환 기전,,lecture,curriculum/M05/W07/L03/,설계,,,
M05-W08-L01,M05,계통별기초의학심화,8,1,,선천면역과 염증,,lecture,curriculum/M05/W08/L01/,설계,,,
M05-W08-L02,M05,계통별기초의학심화,8,2,,적응면역과 면역 기억,,lecture,curriculum/M05/W08/L02/,설계,,,
M05-W08-L03,M05,계통별기초의학심화,8,3,,자가면역·알레르기·면역결핍,,lecture,curriculum/M05/W08/L03/,설계,,,
M05-W09-L01,M05,계통별기초의학심화,9,1,,뼈의 재형성과 무기질 대사,,lecture,curriculum/M05/W09/L01/,설계,,,
M05-W09-L02,M05,계통별기초의학심화,9,2,,골격근 수축과 적응,,lecture,curriculum/M05/W09/L02/,설계,,,
M05-W09-L03,M05,계통별기초의학심화,9,3,,근골격 질환과 조직 재생,,lecture,curriculum/M05/W09/L03/,설계,,,
M05-W10-L01,M05,계통별기초의학심화,10,1,,생식내분비와 생식세포,,lecture,curriculum/M05/W10/L01/,설계,,,
M05-W10-L02,M05,계통별기초의학심화,10,2,,수정·태반·태아 발달,,lecture,curriculum/M05/W10/L02/,설계,,,
M05-W10-L03,M05,계통별기초의학심화,10,3,,생식계 질환의 기초 기전,,lecture,curriculum/M05/W10/L03/,설계,,,
M05-W11-L01,M05,계통별기초의학심화,11,1,,피부 장벽과 상처 치유,,lecture,curriculum/M05/W11/L01/,설계,,,
M05-W11-L02,M05,계통별기초의학심화,11,2,,감염·숙주반응·장기 손상,,lecture,curriculum/M05/W11/L02/,설계,,,
M05-W11-L03,M05,계통별기초의학심화,11,3,,종양 발생과 조직 미세환경,,lecture,curriculum/M05/W11/L03/,설계,,,
M05-W12-L01,M05,계통별기초의학심화,12,1,,노화와 다기관 기능 저하,,lecture,curriculum/M05/W12/L01/,설계,,,
M05-W12-L02,M05,계통별기초의학심화,12,2,,쇼크·패혈증·다장기 부전,,lecture,curriculum/M05/W12/L02/,설계,,,
M05-W12-L03,M05,계통별기초의학심화,12,3,,계통 간 상호작용의 증례 통합,,lecture,curriculum/M05/W12/L03/,설계,,,
M06-W01-L01,M06,최신의과학이슈와 생명과학·뇌과학심화,1,1,,AI 단백질 구조 예측·생성 설계: 노벨상 발견과 기능 검증,,lecture,curriculum/M06/W01/L01/,설계,,,
M06-W01-L02,M06,최신의과학이슈와 생명과학·뇌과학심화,1,2,,RNA 조절·mRNA 의학: 핵심 발견과 치료 플랫폼,,lecture,curriculum/M06/W01/L02/,설계,,,
M06-W01-L03,M06,최신의과학이슈와 생명과학·뇌과학심화,1,3,,면역관용·Treg·면역치료: 노벨상 발견과 최신 의학,,lecture,curriculum/M06/W01/L03/,설계,,,
M06-W02-L01,M06,최신의과학이슈와 생명과학·뇌과학심화,2,1,,의료통계 기초: 추정·효과크기·회귀·교란·다중검정,,lecture,curriculum/M06/W02/L01/,설계,,,
M06-W02-L02,M06,최신의과학이슈와 생명과학·뇌과학심화,2,2,,기계학습 기초: 학습·검증·일반화·누수·불확실성,,lecture,curriculum/M06/W02/L02/,설계,,,
M06-W02-L03,M06,최신의과학이슈와 생명과학·뇌과학심화,2,3,,딥러닝 기초: 역전파·CNN·Transformer·자기지도학습,,lecture,curriculum/M06/W02/L03/,설계,,,
M06-W03-L01,M06,최신의과학이슈와 생명과학·뇌과학심화,3,1,,MRI·fMRI 기초: 신호·BOLD·신경혈관결합과 실험 설계,,lecture,curriculum/M06/W03/L01/,설계,,,
M06-W03-L02,M06,최신의과학이슈와 생명과학·뇌과학심화,3,2,,fMRI 분석: 전처리·움직임·GLM·다중비교,,lecture,curriculum/M06/W03/L02/,설계,,,
M06-W03-L03,M06,최신의과학이슈와 생명과학·뇌과학심화,3,3,,뇌 분석: 연결성·네트워크·디코딩·다기관 일반화,,lecture,curriculum/M06/W03/L03/,설계,,,
M06-W04-L01,M06,최신의과학이슈와 생명과학·뇌과학심화,4,1,,발생 유전체: 신경 계통 결정·세포지도·조절요소,,lecture,curriculum/M06/W04/L01/,설계,,,
M06-W04-L02,M06,최신의과학이슈와 생명과학·뇌과학심화,4,2,,소아 신경발달질환: 피질 형성·자폐·발달성 뇌전증,,lecture,curriculum/M06/W04/L02/,설계,,,
M06-W04-L03,M06,최신의과학이슈와 생명과학·뇌과학심화,4,3,,뇌 체세포 모자이시즘: 변이 검출·계통·선택적 병변,,lecture,curriculum/M06/W04/L03/,설계,,,
M06-W05-L01,M06,최신의과학이슈와 생명과학·뇌과학심화,5,1,,신경 유전체 편집: CRISPR·염기·프라임 편집과 표적 검증,,lecture,curriculum/M06/W05/L01/,설계,,,
M06-W05-L02,M06,최신의과학이슈와 생명과학·뇌과학심화,5,2,,단일세포·공간·교란 오믹스: 질환 세포와 인과 표적,,lecture,curriculum/M06/W05/L02/,설계,,,
M06-W05-L03,M06,최신의과학이슈와 생명과학·뇌과학심화,5,3,,뇌 전달공학: AAV·비바이러스·표적화·안전성,,lecture,curriculum/M06/W05/L03/,설계,,,
M06-W06-L01,M06,최신의과학이슈와 생명과학·뇌과학심화,6,1,,신경 줄기세포·iPSC·직접 재프로그래밍,,lecture,curriculum/M06/W06/L01/,설계,,,
M06-W06-L02,M06,최신의과학이슈와 생명과학·뇌과학심화,6,2,,신경 오가노이드·어셈블로이드: 소아 발생과 질환 모델,,lecture,curriculum/M06/W06/L02/,설계,,,
M06-W06-L03,M06,최신의과학이슈와 생명과학·뇌과학심화,6,3,,재생공학: 세포 이식·회로 통합·척수 손상·재료,,lecture,curriculum/M06/W06/L03/,설계,,,
M06-W07-L01,M06,최신의과학이슈와 생명과학·뇌과학심화,7,1,,Astrocyte: 반응성·GABA·칼슘·대사와 회로,,lecture,curriculum/M06/W07/L01/,설계,,,
M06-W07-L02,M06,최신의과학이슈와 생명과학·뇌과학심화,7,2,,Microglia: 보체·시냅스 제거·면역 기억,,lecture,curriculum/M06/W07/L02/,설계,,,
M06-W07-L03,M06,최신의과학이슈와 생명과학·뇌과학심화,7,3,,Oligodendrocyte·수초 가소성·탈수초와 재생,,lecture,curriculum/M06/W07/L03/,설계,,,
M06-W08-L01,M06,최신의과학이슈와 생명과학·뇌과학심화,8,1,,BBB·pericyte·신경혈관단위: 장벽과 질환,,lecture,curriculum/M06/W08/L01/,설계,,,
M06-W08-L02,M06,최신의과학이슈와 생명과학·뇌과학심화,8,2,,Glymphatic·뇌막 림프·수면: 배출 기전과 논쟁,,lecture,curriculum/M06/W08/L02/,설계,,,
M06-W08-L03,M06,최신의과학이슈와 생명과학·뇌과학심화,8,3,,뇌 면역: 경계 면역·감염·자가면역·전신 연결,,lecture,curriculum/M06/W08/L03/,설계,,,
M06-W09-L01,M06,최신의과학이슈와 생명과학·뇌과학심화,9,1,,뇌 노화: 세포노화·유전체 불안정·미토콘드리아,,lecture,curriculum/M06/W09/L01/,설계,,,
M06-W09-L02,M06,최신의과학이슈와 생명과학·뇌과학심화,9,2,,Alzheimer disease: amyloid·tau·교세포·치료 평가,,lecture,curriculum/M06/W09/L02/,설계,,,
M06-W09-L03,M06,최신의과학이슈와 생명과학·뇌과학심화,9,3,,Parkinson disease·ALS·FTD: 단백질병증과 선택적 취약성,,lecture,curriculum/M06/W09/L03/,설계,,,
M06-W10-L01,M06,최신의과학이슈와 생명과학·뇌과학심화,10,1,,신경종양학: 뉴런·glioma 시냅스와 활동 의존 성장,,lecture,curriculum/M06/W10/L01/,설계,,,
M06-W10-L02,M06,최신의과학이슈와 생명과학·뇌과학심화,10,2,,소아 뇌종양: 발생 상태·후성유전·종양 미세환경,,lecture,curriculum/M06/W10/L02/,설계,,,
M06-W10-L03,M06,최신의과학이슈와 생명과학·뇌과학심화,10,3,,뇌종양·뇌전이 치료: 면역·BBB·저항성·전달,,lecture,curriculum/M06/W10/L03/,설계,,,
M06-W11-L01,M06,최신의과학이슈와 생명과학·뇌과학심화,11,1,,광유전학 공학: opsin·광학·세포 표적화·인과조절,,lecture,curriculum/M06/W11/L01/,설계,,,
M06-W11-L02,M06,최신의과학이슈와 생명과학·뇌과학심화,11,2,,화학유전학·전압·칼슘 센서·고속 신경기록,,lecture,curriculum/M06/W11/L02/,설계,,,
M06-W11-L03,M06,최신의과학이슈와 생명과학·뇌과학심화,11,3,,Connectomics·전뇌 지도: 구조와 기능의 연결,,lecture,curriculum/M06/W11/L03/,설계,,,
M06-W12-L01,M06,최신의과학이슈와 생명과학·뇌과학심화,12,1,,신경집단 역학·기억 engram·사회성 회로,,lecture,curriculum/M06/W12/L01/,설계,,,
M06-W12-L02,M06,최신의과학이슈와 생명과학·뇌과학심화,12,2,,우울·스트레스·만성 통증: 회로·교세포·면역,,lecture,curriculum/M06/W12/L02/,설계,,,
M06-W12-L03,M06,최신의과학이슈와 생명과학·뇌과학심화,12,3,,수면·의식·상태 전이: 관측과 개입의 한계,,lecture,curriculum/M06/W12/L03/,설계,,,
M06-W13-L01,M06,최신의과학이슈와 생명과학·뇌과학심화,13,1,,고밀도 BCI·신경 디코딩·장기 안정성,,lecture,curriculum/M06/W13/L01/,설계,,,
M06-W13-L02,M06,최신의과학이슈와 생명과학·뇌과학심화,13,2,,폐루프 신경조절·개인별 뇌 표적·의료기기,,lecture,curriculum/M06/W13/L02/,설계,,,
M06-W13-L03,M06,최신의과학이슈와 생명과학·뇌과학심화,13,3,,뉴로모픽·뇌 모사·생물학적 학습과 신경계산,,lecture,curriculum/M06/W13/L03/,설계,,,
M06-W14-L01,M06,최신의과학이슈와 생명과학·뇌과학심화,14,1,,AI 기반 뇌영상·멀티모달 임상 예측의 검증,,lecture,curriculum/M06/W14/L01/,설계,,,
M06-W14-L02,M06,최신의과학이슈와 생명과학·뇌과학심화,14,2,,생물학 파운데이션 모델·디지털 세포·교란 예측,,lecture,curriculum/M06/W14/L02/,설계,,,
M06-W14-L03,M06,최신의과학이슈와 생명과학·뇌과학심화,14,3,,생성모형·능동학습·자율 실험과 신약 표적,,lecture,curriculum/M06/W14/L03/,설계,,,
M06-W15-L01,M06,최신의과학이슈와 생명과학·뇌과학심화,15,1,,생체직교 화학·분자 이미징·정밀 전달공학,,lecture,curriculum/M06/W15/L01/,설계,,,
M06-W15-L02,M06,최신의과학이슈와 생명과학·뇌과학심화,15,2,,암 면역·세포 치료: 주요 발견과 최신 중개 문제,,lecture,curriculum/M06/W15/L02/,설계,,,
M06-W15-L03,M06,최신의과학이슈와 생명과학·뇌과학심화,15,3,,비만·대사 의학·장기 재생: 최신 치료와 미해결 기전,,lecture,curriculum/M06/W15/L03/,설계,,,
M06-W16-L01,M06,최신의과학이슈와 생명과학·뇌과학심화,16,1,,국내 신경·의생명 핵심 원저의 국제 비교,,lecture,curriculum/M06/W16/L01/,설계,,,
M06-W16-L02,M06,최신의과학이슈와 생명과학·뇌과학심화,16,2,,개인 관심 주제: 경쟁 가설·결정적 실험·분석 계획,,lecture,curriculum/M06/W16/L02/,설계,,,
M06-W16-L03,M06,최신의과학이슈와 생명과학·뇌과학심화,16,3,,통합 연구 제안: 예비자료·재현 검증·중개 로드맵,,lecture,curriculum/M06/W16/L03/,설계,,,
M07-W01-L01,M07,기초의과학 실습,1,1,실험실 입문과 정량 기초,"실습 오리엔테이션: 연구실 안전, 생물안전등급, 폐기물 처리, 사고 대응",intro.pptx,practicum,curriculum/M07/W01/L01/,설계,,,
M07-W02-L01,M07,기초의과학 실습,2,1,실험실 입문과 정량 기초,"측정과 용액: 몰농도·희석·완충액 제조와 pH, 계산 오류가 만드는 결과",,practicum,curriculum/M07/W02/L01/,설계,,,
M07-W03-L01,M07,기초의과학 실습,3,1,실험실 입문과 정량 기초,기본 술기: 피펫팅·저울·원심분리의 원리와 정확도·정밀도 검증,,practicum,curriculum/M07/W03/L01/,설계,,,
M07-W04-L01,M07,기초의과학 실습,4,1,실험실 입문과 정량 기초,"현미경 사용과 세포 관찰·계수, 생존율 평가",,practicum,curriculum/M07/W04/L01/,설계,,,
M07-W05-L01,M07,기초의과학 실습,5,1,실험실 입문과 정량 기초,"연구 기록과 재현성: 실험노트, 데이터 관리, 버전과 메타데이터",,practicum,curriculum/M07/W05/L01/,설계,,,
M07-W06-L01,M07,기초의과학 실습,6,1,분자생물학 wet lab,"핵산 추출: DNA·RNA 분리 원리와 품질 평가(A260/280, 전기영동, 자동 분석)",lecture2.pptx,practicum,curriculum/M07/W06/L01/,설계,,,
M07-W07-L01,M07,기초의과학 실습,7,1,분자생물학 wet lab,"PCR: primer 설계, annealing 온도 최적화, 오염 관리와 대조군",lecture2.pptx,practicum,curriculum/M07/W07/L01/,설계,,,
M07-W08-L01,M07,기초의과학 실습,8,1,분자생물학 wet lab,"전기영동과 qPCR: 젤 판독, 표준곡선과 효율, ΔΔCt 계산의 전제",,practicum,curriculum/M07/W08/L01/,설계,,,
M07-W09-L01,M07,기초의과학 실습,9,1,분자생물학 wet lab,Cloning: 제한효소·ligation·형질전환·colony 선별과 서열 확인,,practicum,curriculum/M07/W09/L01/,설계,,,
M07-W10-L01,M07,기초의과학 실습,10,1,분자생물학 wet lab,"단백질 실습: SDS-PAGE, western blot, 항체 검증과 정량의 한계",,practicum,curriculum/M07/W10/L01/,설계,,,
M07-W11-L01,M07,기초의과학 실습,11,1,분자생물학 wet lab,"세포배양: 무균조작·계대·동결, 오염과 교차오염 판별",hyms2.html,practicum,curriculum/M07/W11/L01/,설계,,,
M07-W12-L01,M07,기초의과학 실습,12,1,동물 실습과 조직 처리,"실험동물 윤리와 규정: 3R, IACUC 승인, 취급·마취·인도적 종료점",,practicum,curriculum/M07/W12/L01/,설계,,,
M07-W13-L01,M07,기초의과학 실습,13,1,동물 실습과 조직 처리,"마우스 해부 1: 외부 형태, 골격 구조, 체강 개요와 절개 계획",hyms1.html,practicum,curriculum/M07/W13/L01/,설계,,,
M07-W14-L01,M07,기초의과학 실습,14,1,동물 실습과 조직 처리,마우스 해부 2: 흉강·복강·골반강 장기와 장기별 샘플링,hyms1.html,practicum,curriculum/M07/W14/L01/,설계,,,
M07-W15-L01,M07,기초의과학 실습,15,1,동물 실습과 조직 처리,"마우스 해부 3: 중추신경계 적출, 뇌 영역 구분과 보존",hyms1.html,practicum,curriculum/M07/W15/L01/,설계,,,
M07-W16-L01,M07,기초의과학 실습,16,1,동물 실습과 조직 처리,"조직 처리: 고정·포매·절편, H&E와 면역조직화학의 판독",,practicum,curriculum/M07/W16/L01/,설계,,,
M07-W17-L01,M07,기초의과학 실습,17,1,오믹스 dry lab,"서열분석 입문: 명령행 환경, FASTQ·SAM·VCF 포맷, QC 지표","ngs.html, lecture1.pptx",practicum,curriculum/M07/W17/L01/,설계,,,
M07-W18-L01,M07,기초의과학 실습,18,1,오믹스 dry lab,Illumina 단편 시퀀싱 실습: base calling에서 정렬까지,lab1.html,practicum,curriculum/M07/W18/L01/,설계,,,
M07-W19-L01,M07,기초의과학 실습,19,1,오믹스 dry lab,"변이 검출과 해석: 참조 게놈 정렬, VCF 생성과 필터링",GCF_000005845.2_ASM584v2_genomic.fna.gz,practicum,curriculum/M07/W19/L01/,설계,,,
M07-W20-L01,M07,기초의과학 실습,20,1,오믹스 dry lab,롱리드 시퀀싱 실습: Nanopore isoform·poly(A) 길이·m6A,lab2.html,practicum,curriculum/M07/W20/L01/,설계,,,
M07-W21-L01,M07,기초의과학 실습,21,1,오믹스 dry lab,Bulk RNA-seq: 정량·정규화·차등발현과 경로 해석의 한계,,practicum,curriculum/M07/W21/L01/,설계,,,
M07-W22-L01,M07,기초의과학 실습,22,1,오믹스 dry lab,"단일세포 전사체 실습: QC, 차원 축소, clustering과 세포 주석",lab3.html,practicum,curriculum/M07/W22/L01/,설계,,,
M07-W23-L01,M07,기초의과학 실습,23,1,오믹스 dry lab,"공간전사체 실습: 조직 맥락 보존, deconvolution과 영역 비교",lab4.html,practicum,curriculum/M07/W23/L01/,설계,,,
M07-W24-L01,M07,기초의과학 실습,24,1,바이오인포매틱스 프로젝트,공개 데이터 탐색: GEO·SRA·공개 코호트의 검색과 사용 조건,,practicum,curriculum/M07/W24/L01/,설계,,,
M07-W25-L01,M07,기초의과학 실습,25,1,바이오인포매틱스 프로젝트,프로젝트 1: 공개 RNA-seq 재분석 — 설계·파이프라인·중간 점검,,practicum,curriculum/M07/W25/L01/,설계,,,
M07-W26-L01,M07,기초의과학 실습,26,1,바이오인포매틱스 프로젝트,프로젝트 2: 단일세포 데이터 재분석과 원논문 결과 재현 시도,,practicum,curriculum/M07/W26/L01/,설계,,,
M07-W27-L01,M07,기초의과학 실습,27,1,바이오인포매틱스 프로젝트,"재현 가능한 분석: 버전 관리, 환경 고정, 코드와 그림의 재생성",,practicum,curriculum/M07/W27/L01/,설계,,,
M07-W28-L01,M07,기초의과학 실습,28,1,통합·임상 연계·발표,병원체 유전체 실습: SFTS virus 시퀀싱과 역학적 해석,module3-sfts-virus.html,practicum,curriculum/M07/W28/L01/,설계,,,
M07-W29-L01,M07,기초의과학 실습,29,1,통합·임상 연계·발표,통합 PBL: 신장·네프론 증례에서 구조·기능·검사 결과 연결,kidneypbl.html,practicum,curriculum/M07/W29/L01/,설계,,,
M07-W30-L01,M07,기초의과학 실습,30,1,통합·임상 연계·발표,"연구 발표와 데이터 윤리: 결과 보고, 그림 조작의 경계, 상호 검토",,practicum,curriculum/M07/W30/L01/,설계,,,
