old_id,old_path,old_title,new_lesson_id,relation,coverage,reuse_scope,rewrite_required,verified_sources,reviewer,status,note
B01-L01,archive/lectures/b01/l01.html,B01-L01 포도당 수송과 해당과정,,,,,예,,,미배정,1차 대응 후보: M02 (의학생화학)
B01-L02,archive/lectures/b01/l02.html,B01-L02 포도당신생합성과 글리코겐 대사,,,,,예,,,미배정,1차 대응 후보: M02 (의학생화학)
B01-L03,archive/lectures/b01/l03.html,B01-L03 TCA 회로와 산화적 인산화,,,,,예,,,미배정,1차 대응 후보: M02 (의학생화학)
B01-L04,archive/lectures/b01/l04.html,"B01-L04 오탄당인산경로, 과당·갈락토스 대사와 당대사 통합",,,,,예,,,미배정,1차 대응 후보: M02 (의학생화학)
B01-L05,archive/lectures/b01/l05.html,B01-L05 지방산 산화와 케톤체 대사,,,,,예,,,미배정,1차 대응 후보: M02 (의학생화학)
B01-L06,archive/lectures/b01/l06.html,B01-L06 지방산·중성지방 합성과 지방조직 생물학,,,,,예,,,미배정,1차 대응 후보: M02 (의학생화학)
B01-L07,archive/lectures/b01/l07.html,B01-L07 콜레스테롤 합성과 지단백 대사,,,,,예,,,미배정,1차 대응 후보: M02 (의학생화학)
B01-L08,archive/lectures/b01/l08.html,B01-L08 인지질·스핑고지질·에이코사노이드,,,,,예,,,미배정,1차 대응 후보: M02 (의학생화학)
B01-L09,archive/lectures/b01/l09.html,B01-L09 아미노산 분해와 요소회로,,,,,예,,,미배정,1차 대응 후보: M02 (의학생화학)
B01-L10,archive/lectures/b01/l10.html,B01-L10 아미노산 탄소골격 대사와 선천대사이상,,,,,예,,,미배정,1차 대응 후보: M02 (의학생화학)
B01-L11,archive/lectures/b01/l11.html,B01-L11 아미노산 유래 특수 생체분자,,,,,예,,,미배정,1차 대응 후보: M02 (의학생화학)
B01-L12,archive/lectures/b01/l12.html,B01-L12 뉴클레오타이드 대사,,,,,예,,,미배정,1차 대응 후보: M02 (의학생화학)
B02-L01,archive/lectures/b02/l01.html,"B02-L01 막 수송, 세포소기관과 단백질 분류",,,,,예,,,미배정,1차 대응 후보: M01/M03 (의학분자생물학)
B02-L02,archive/lectures/b02/l02.html,B02-L02 세포 신호전달,,,,,예,,,미배정,1차 대응 후보: M01/M03 (의학분자생물학)
B02-L03,archive/lectures/b02/l03.html,"B02-L03 세포주기, 세포사멸과 자가포식",,,,,예,,,미배정,1차 대응 후보: M01/M03 (의학분자생물학)
B02-L04,archive/lectures/b02/l04.html,B02-L04 DNA 복제와 DNA 수선,,,,,예,,,미배정,1차 대응 후보: M01/M03 (의학분자생물학)
B02-L05,archive/lectures/b02/l05.html,"B02-L05 유전체 구조, 크로마틴과 후성유전학",,,,,예,,,미배정,1차 대응 후보: M01/M03 (의학분자생물학)
B02-L06,archive/lectures/b02/l06.html,B02-L06 유전 변이와 유전 양식,,,,,예,,,미배정,1차 대응 후보: M01/M03 (의학분자생물학)
B02-L07,archive/lectures/b02/l07.html,B02-L07 전사와 전사 조절,,,,,예,,,미배정,1차 대응 후보: M01/M03 (의학분자생물학)
B02-L08,archive/lectures/b02/l08.html,"B02-L08 RNA 가공, 비부호화 RNA와 RNA 치료제",,,,,예,,,미배정,1차 대응 후보: M01/M03 (의학분자생물학)
B02-L09,archive/lectures/b02/l09.html,"B02-L09 번역, 단백질 접힘·변형·분해",,,,,예,,,미배정,1차 대응 후보: M01/M03 (의학분자생물학)
B02-L10,archive/lectures/b02/l10.html,B02-L10 유전체학과 NGS의 임상 활용,,,,,예,,,미배정,1차 대응 후보: M01/M03 (의학분자생물학)
B02-L11,archive/lectures/b02/l11.html,"B02-L11 전사체학, 단일세포와 공간 오믹스",,,,,예,,,미배정,1차 대응 후보: M01/M03 (의학분자생물학)
B02-L12,archive/lectures/b02/l12.html,B02-L12 단백체·대사체·다중오믹스와 정밀의학,,,,,예,,,미배정,1차 대응 후보: M01/M03 (의학분자생물학)
B03-L01,archive/lectures/b03/l01.html,B03-L01 죽상경화의 분자병태생리와 이상지질혈증 진료,,,,,예,,,미배정,1차 대응 후보: M03/M05 (중개의학과 생화학)
B03-L02,archive/lectures/b03/l02.html,B03-L02 심근 에너지대사와 심부전,,,,,예,,,미배정,1차 대응 후보: M03/M05 (중개의학과 생화학)
B03-L03,archive/lectures/b03/l03.html,B03-L03 간의 대사 기능과 대사이상지방간질환(MASLD),,,,,예,,,미배정,1차 대응 후보: M03/M05 (중개의학과 생화학)
B03-L04,archive/lectures/b03/l04.html,B03-L04 빌리루빈·담즙산 대사와 위장관 소화흡수,,,,,예,,,미배정,1차 대응 후보: M03/M05 (중개의학과 생화학)
B03-L05,archive/lectures/b03/l05.html,B03-L05 리소좀 축적질환과 치료 플랫폼,,,,,예,,,미배정,1차 대응 후보: M03/M05 (중개의학과 생화학)
B03-L06,archive/lectures/b03/l06.html,B03-L06 미토콘드리아 질환과 퍼옥시좀 질환,,,,,예,,,미배정,1차 대응 후보: M03/M05 (중개의학과 생화학)
B03-L07,archive/lectures/b03/l07.html,B03-L07 산염기·전해질 장애의 생화학,,,,,예,,,미배정,1차 대응 후보: M03/M05 (중개의학과 생화학)
B03-L08,archive/lectures/b03/l08.html,"B03-L08 철·헴 대사 장애: 빈혈, 혈색소증, 혈색소병증",,,,,예,,,미배정,1차 대응 후보: M03/M05 (중개의학과 생화학)
B03-L09,archive/lectures/b03/l09.html,B03-L09 임상화학 검사와 바이오마커 해석,,,,,예,,,미배정,1차 대응 후보: M03/M05 (중개의학과 생화학)
B03-L10,archive/lectures/b03/l10.html,B03-L10 약물대사와 약물유전체학,,,,,예,,,미배정,1차 대응 후보: M03/M05 (중개의학과 생화학)
B04-L01,archive/lectures/b04/l01.html,B04-L01 태반·태아 대사와 발생 신호,,,,,예,,,미배정,1차 대응 후보: M05/M02 (생애주기의학과 생화학)
B04-L02,archive/lectures/b04/l02.html,B04-L02 건강과 질병의 발달 기원(DOHaD)과 후성유전 프로그래밍,,,,,예,,,미배정,1차 대응 후보: M05/M02 (생애주기의학과 생화학)
B04-L03,archive/lectures/b04/l03.html,B04-L03 신생아 대사 적응과 신생아 선별검사,,,,,예,,,미배정,1차 대응 후보: M05/M02 (생애주기의학과 생화학)
B04-L04,archive/lectures/b04/l04.html,B04-L04 소아 선천대사이상의 응급 접근,,,,,예,,,미배정,1차 대응 후보: M05/M02 (생애주기의학과 생화학)
B04-L05,archive/lectures/b04/l05.html,B04-L05 인슐린·글루카곤과 당뇨병의 생화학,,,,,예,,,미배정,1차 대응 후보: M05/M02 (생애주기의학과 생화학)
B04-L06,archive/lectures/b04/l06.html,B04-L06 갑상선·부신 호르몬의 대사 작용,,,,,예,,,미배정,1차 대응 후보: M05/M02 (생애주기의학과 생화학)
B04-L07,archive/lectures/b04/l07.html,"B04-L07 성호르몬과 생식 대사: 사춘기, 임신, 폐경",,,,,예,,,미배정,1차 대응 후보: M05/M02 (생애주기의학과 생화학)
B04-L08,archive/lectures/b04/l08.html,"B04-L08 칼슘·인·뼈 대사: PTH, 비타민 D, FGF23",,,,,예,,,미배정,1차 대응 후보: M05/M02 (생애주기의학과 생화학)
B04-L09,archive/lectures/b04/l09.html,B04-L09 노화의 생화학적 특징,,,,,예,,,미배정,1차 대응 후보: M05/M02 (생애주기의학과 생화학)
B04-L10,archive/lectures/b04/l10.html,"B04-L10 영양 감지 경로와 수명: mTOR, AMPK, 서투인, NAD⁺",,,,,예,,,미배정,1차 대응 후보: M05/M02 (생애주기의학과 생화학)
B04-L11,archive/lectures/b04/l11.html,B04-L11 Warburg 효과와 암 대사 재프로그래밍,,,,,예,,,미배정,1차 대응 후보: M05/M02 (생애주기의학과 생화학)
B04-L12,archive/lectures/b04/l12.html,B04-L12 종양대사물질과 대사 표적 항암치료,,,,,예,,,미배정,1차 대응 후보: M05/M02 (생애주기의학과 생화학)
B04-L13,archive/lectures/b04/l13.html,"B04-L13 다량영양소, 에너지 균형과 비만",,,,,예,,,미배정,1차 대응 후보: M05/M02 (생애주기의학과 생화학)
B04-L14,archive/lectures/b04/l14.html,B04-L14 비타민과 미량원소: 생화학과 결핍증,,,,,예,,,미배정,1차 대응 후보: M05/M02 (생애주기의학과 생화학)
B05-L01,archive/lectures/b05/l01.html,B05-L01 알츠하이머병과 뇌 대사,,,,,예,,,미배정,1차 대응 후보: M04/M03 (신경질환과 대사학)
B05-L02,archive/lectures/b05/l02.html,B05-L02 파킨슨병과 미토콘드리아·도파민 대사,,,,,예,,,미배정,1차 대응 후보: M04/M03 (신경질환과 대사학)
B05-L03,archive/lectures/b05/l03.html,B05-L03 헌팅턴병과 에너지 대사,,,,,예,,,미배정,1차 대응 후보: M04/M03 (신경질환과 대사학)
B05-L04,archive/lectures/b05/l04.html,B05-L04 근위축성 측삭경화증과 대사,,,,,예,,,미배정,1차 대응 후보: M04/M03 (신경질환과 대사학)
B05-L05,archive/lectures/b05/l05.html,B05-L05 뇌전증과 대사: 케톤생성식이와 치료 가능한 대사성 뇌전증,,,,,예,,,미배정,1차 대응 후보: M04/M03 (신경질환과 대사학)
B05-L06,archive/lectures/b05/l06.html,B05-L06 허혈성 뇌졸중의 대사 연쇄반응,,,,,예,,,미배정,1차 대응 후보: M04/M03 (신경질환과 대사학)
B05-L07,archive/lectures/b05/l07.html,B05-L07 외상성 뇌손상의 대사 위기,,,,,예,,,미배정,1차 대응 후보: M04/M03 (신경질환과 대사학)
B05-L08,archive/lectures/b05/l08.html,B05-L08 간성뇌병증과 암모니아 신경독성,,,,,예,,,미배정,1차 대응 후보: M04/M03 (신경질환과 대사학)
B05-L09,archive/lectures/b05/l09.html,B05-L09 베르니케-코르사코프 증후군과 티아민,,,,,예,,,미배정,1차 대응 후보: M04/M03 (신경질환과 대사학)
B05-L10,archive/lectures/b05/l10.html,B05-L10 당뇨병성 신경병증과 고혈당 신경손상,,,,,예,,,미배정,1차 대응 후보: M04/M03 (신경질환과 대사학)
B05-L11,archive/lectures/b05/l11.html,B05-L11 미토콘드리아 뇌근병증의 신경학,,,,,예,,,미배정,1차 대응 후보: M04/M03 (신경질환과 대사학)
B05-L12,archive/lectures/b05/l12.html,"B05-L12 리소좀 축적 신경질환: 고셔, 니만-피크 C, 테이-삭스, 신경 세로이드 리포푸신증",,,,,예,,,미배정,1차 대응 후보: M04/M03 (신경질환과 대사학)
B05-L13,archive/lectures/b05/l13.html,"B05-L13 백질이영양증: X-ALD, MLD, 크라베",,,,,예,,,미배정,1차 대응 후보: M04/M03 (신경질환과 대사학)
B05-L14,archive/lectures/b05/l14.html,"B05-L14 아미노산 대사 신경질환: PKU, MSUD, 신경전달물질 질환",,,,,예,,,미배정,1차 대응 후보: M04/M03 (신경질환과 대사학)
B05-L15,archive/lectures/b05/l15.html,B05-L15 정신질환의 대사 가설: 우울증과 조현병,,,,,예,,,미배정,1차 대응 후보: M04/M03 (신경질환과 대사학)
B06-L01,archive/lectures/b06/l01.html,B06-L01 신경유전학 개론과 유전자 검사 전략,,,,,예,,,미배정,1차 대응 후보: M04 (신경질환과 유전학)
B06-L02,archive/lectures/b06/l02.html,B06-L02 반복 확장 질환,,,,,예,,,미배정,1차 대응 후보: M04 (신경질환과 유전학)
B06-L03,archive/lectures/b06/l03.html,B06-L03 유전성 신경병증: 샤르코-마리-투스와 관련 질환,,,,,예,,,미배정,1차 대응 후보: M04 (신경질환과 유전학)
B06-L04,archive/lectures/b06/l04.html,B06-L04 근이영양증과 척수성 근위축증,,,,,예,,,미배정,1차 대응 후보: M04 (신경질환과 유전학)
B06-L05,archive/lectures/b06/l05.html,B06-L05 알츠하이머병과 파킨슨병의 유전학,,,,,예,,,미배정,1차 대응 후보: M04 (신경질환과 유전학)
B06-L06,archive/lectures/b06/l06.html,B06-L06 ALS·전두측두치매의 유전학과 TDP-43,,,,,예,,,미배정,1차 대응 후보: M04 (신경질환과 유전학)
B06-L07,archive/lectures/b06/l07.html,B06-L07 뇌전증의 유전학,,,,,예,,,미배정,1차 대응 후보: M04 (신경질환과 유전학)
B06-L08,archive/lectures/b06/l08.html,"B06-L08 신경발달장애의 유전학: 지적장애, 자폐, 레트 증후군",,,,,예,,,미배정,1차 대응 후보: M04 (신경질환과 유전학)
B06-L09,archive/lectures/b06/l09.html,"B06-L09 이온통로병: 편두통, 주기마비, 발작성 운동실조",,,,,예,,,미배정,1차 대응 후보: M04 (신경질환과 유전학)
B06-L10,archive/lectures/b06/l10.html,"B06-L10 신경피부증후군: NF1, NF2, 결절성 경화증",,,,,예,,,미배정,1차 대응 후보: M04 (신경질환과 유전학)
B06-L11,archive/lectures/b06/l11.html,"B06-L11 정신질환의 유전학: GWAS, 희귀 변이, 다유전자 점수",,,,,예,,,미배정,1차 대응 후보: M04 (신경질환과 유전학)
B06-L12,archive/lectures/b06/l12.html,B06-L12 신경유전 질환의 유전자 치료와 RNA 치료,,,,,예,,,미배정,1차 대응 후보: M04 (신경질환과 유전학)
B07-L01,archive/lectures/b07/l01.html,B07-L01 막전위와 활동전위,,,,,예,,,미배정,1차 대응 후보: M04 (신경생리학과 신경해부학 기초)
B07-L02,archive/lectures/b07/l02.html,B07-L02 시냅스 전달과 가소성,,,,,예,,,미배정,1차 대응 후보: M04 (신경생리학과 신경해부학 기초)
B07-L03,archive/lectures/b07/l03.html,B07-L03 신경전달물질 체계와 신경약리,,,,,예,,,미배정,1차 대응 후보: M04 (신경생리학과 신경해부학 기초)
B07-L04,archive/lectures/b07/l04.html,B07-L04 교세포와 혈액뇌장벽,,,,,예,,,미배정,1차 대응 후보: M04 (신경생리학과 신경해부학 기초)
B07-L05,archive/lectures/b07/l05.html,B07-L05 체성감각계와 통증,,,,,예,,,미배정,1차 대응 후보: M04 (신경생리학과 신경해부학 기초)
B07-L06,archive/lectures/b07/l06.html,B07-L06 시각계와 눈운동,,,,,예,,,미배정,1차 대응 후보: M04 (신경생리학과 신경해부학 기초)
B07-L07,archive/lectures/b07/l07.html,B07-L07 청각·전정계와 어지럼,,,,,예,,,미배정,1차 대응 후보: M04 (신경생리학과 신경해부학 기초)
B07-L08,archive/lectures/b07/l08.html,"B07-L08 운동 체계: 피질척수로, 기저핵, 소뇌",,,,,예,,,미배정,1차 대응 후보: M04 (신경생리학과 신경해부학 기초)
B07-L09,archive/lectures/b07/l09.html,B07-L09 뇌간과 뇌신경,,,,,예,,,미배정,1차 대응 후보: M04 (신경생리학과 신경해부학 기초)
B07-L10,archive/lectures/b07/l10.html,B07-L10 대뇌 피질과 고위 인지 기능,,,,,예,,,미배정,1차 대응 후보: M04 (신경생리학과 신경해부학 기초)
B07-L11,archive/lectures/b07/l11.html,B07-L11 자율신경계와 시상하부,,,,,예,,,미배정,1차 대응 후보: M04 (신경생리학과 신경해부학 기초)
B07-L12,archive/lectures/b07/l12.html,"B07-L12 뇌혈관, 뇌척수액과 수면",,,,,예,,,미배정,1차 대응 후보: M04 (신경생리학과 신경해부학 기초)
B08-L01,archive/lectures/b08/l01.html,B08-L01 신경면역학 개론: 뇌의 면역 세포와 반응,,,,,예,,,미배정,1차 대응 후보: M04/M06 (신경면역학과 신경퇴행질환)
B08-L02,archive/lectures/b08/l02.html,"B08-L02 면역 특권, 수막 림프관과 뇌 노폐물 배출",,,,,예,,,미배정,1차 대응 후보: M04/M06 (신경면역학과 신경퇴행질환)
B08-L03,archive/lectures/b08/l03.html,B08-L03 다발성 경화증: 면역 기전과 치료,,,,,예,,,미배정,1차 대응 후보: M04/M06 (신경면역학과 신경퇴행질환)
B08-L04,archive/lectures/b08/l04.html,B08-L04 시신경척수염 스펙트럼 장애와 MOG 항체 질환,,,,,예,,,미배정,1차 대응 후보: M04/M06 (신경면역학과 신경퇴행질환)
B08-L05,archive/lectures/b08/l05.html,B08-L05 중증 근무력증과 말초 신경 자가면역,,,,,예,,,미배정,1차 대응 후보: M04/M06 (신경면역학과 신경퇴행질환)
B08-L06,archive/lectures/b08/l06.html,B08-L06 자가면역 뇌염과 부신생물 신경증후군,,,,,예,,,미배정,1차 대응 후보: M04/M06 (신경면역학과 신경퇴행질환)
B08-L07,archive/lectures/b08/l07.html,"B08-L07 알츠하이머병: 병리, 신경염증과 항아밀로이드 치료",,,,,예,,,미배정,1차 대응 후보: M04/M06 (신경면역학과 신경퇴행질환)
B08-L08,archive/lectures/b08/l08.html,B08-L08 파킨슨병과 레비소체 질환의 신경면역,,,,,예,,,미배정,1차 대응 후보: M04/M06 (신경면역학과 신경퇴행질환)
B08-L09,archive/lectures/b08/l09.html,B08-L09 ALS·전두측두치매의 신경염증,,,,,예,,,미배정,1차 대응 후보: M04/M06 (신경면역학과 신경퇴행질환)
B08-L10,archive/lectures/b08/l10.html,B08-L10 프리온병과 단백질 전파 패러다임,,,,,예,,,미배정,1차 대응 후보: M04/M06 (신경면역학과 신경퇴행질환)
B08-L11,archive/lectures/b08/l11.html,B08-L11 장-뇌 축과 미생물-면역-신경 상호작용,,,,,예,,,미배정,1차 대응 후보: M04/M06 (신경면역학과 신경퇴행질환)
B08-L12,archive/lectures/b08/l12.html,B08-L12 신경퇴행·신경면역 질환의 바이오마커와 치료 전망,,,,,예,,,미배정,1차 대응 후보: M04/M06 (신경면역학과 신경퇴행질환)
B09-L01,archive/lectures/b09/l01.html,"B09-L01 두개내압, 뇌부종과 수술 생리",,,,,예,,,미배정,1차 대응 후보: M05/M06 (신경면역학과 신경외과)
B09-L02,archive/lectures/b09/l02.html,B09-L02 뇌종양 개관과 종양 미세환경,,,,,예,,,미배정,1차 대응 후보: M05/M06 (신경면역학과 신경외과)
B09-L03,archive/lectures/b09/l03.html,B09-L03 교모세포종과 신경교종의 치료,,,,,예,,,미배정,1차 대응 후보: M05/M06 (신경면역학과 신경외과)
B09-L04,archive/lectures/b09/l04.html,"B09-L04 뇌전이, 수막종과 기타 두개내 종양",,,,,예,,,미배정,1차 대응 후보: M05/M06 (신경면역학과 신경외과)
B09-L05,archive/lectures/b09/l05.html,B09-L05 뇌종양의 분자 진단과 WHO 분류,,,,,예,,,미배정,1차 대응 후보: M05/M06 (신경면역학과 신경외과)
B09-L06,archive/lectures/b09/l06.html,B09-L06 뇌종양 면역치료와 세포 치료,,,,,예,,,미배정,1차 대응 후보: M05/M06 (신경면역학과 신경외과)
B09-L07,archive/lectures/b09/l07.html,"B09-L07 뇌동맥류, 지주막하출혈과 뇌혈관 수술",,,,,예,,,미배정,1차 대응 후보: M05/M06 (신경면역학과 신경외과)
B09-L08,archive/lectures/b09/l08.html,B09-L08 외상성 뇌손상의 수술적 관리와 신경중환자,,,,,예,,,미배정,1차 대응 후보: M05/M06 (신경면역학과 신경외과)
B09-L09,archive/lectures/b09/l09.html,B09-L09 척추 신경외과와 척수 질환,,,,,예,,,미배정,1차 대응 후보: M05/M06 (신경면역학과 신경외과)
B09-L10,archive/lectures/b09/l10.html,B09-L10 기능 신경외과: 심부뇌자극과 뇌전증 수술,,,,,예,,,미배정,1차 대응 후보: M05/M06 (신경면역학과 신경외과)
B09-L11,archive/lectures/b09/l11.html,B09-L11 신경외과 감염과 중추신경계 감염,,,,,예,,,미배정,1차 대응 후보: M05/M06 (신경면역학과 신경외과)
B09-L12,archive/lectures/b09/l12.html,"B09-L12 수술 후 신경면역, 회복과 재활",,,,,예,,,미배정,1차 대응 후보: M05/M06 (신경면역학과 신경외과)
B10-L01,archive/lectures/b10/l01.html,B10-L01 감염질환의 생화학: 숙주-병원체 대사 상호작용,,,,,예,,,미배정,1차 대응 후보: M05 (기타질환학)
B10-L02,archive/lectures/b10/l02.html,B10-L02 면역·알레르기 질환과 자가면역의 분자 기전,,,,,예,,,미배정,1차 대응 후보: M05 (기타질환학)
B10-L03,archive/lectures/b10/l03.html,"B10-L03 혈액질환의 생화학: 적혈구, 헤모글로빈과 철 대사",,,,,예,,,미배정,1차 대응 후보: M05 (기타질환학)
B10-L04,archive/lectures/b10/l04.html,"B10-L04 지혈, 혈전과 응고의 분자생물학",,,,,예,,,미배정,1차 대응 후보: M05 (기타질환학)
B10-L05,archive/lectures/b10/l05.html,B10-L05 신장질환과 수분·전해질·산염기 대사,,,,,예,,,미배정,1차 대응 후보: M05 (기타질환학)
B10-L06,archive/lectures/b10/l06.html,"B10-L06 호흡기질환의 생화학: 계면활성제, 저산소와 섬유화",,,,,예,,,미배정,1차 대응 후보: M05 (기타질환학)
B10-L07,archive/lectures/b10/l07.html,B10-L07 근육·골대사 질환과 결합조직,,,,,예,,,미배정,1차 대응 후보: M05 (기타질환학)
B10-L08,archive/lectures/b10/l08.html,B10-L08 피부와 감각기관 질환의 분자 기전,,,,,예,,,미배정,1차 대응 후보: M05 (기타질환학)
B10-L09,archive/lectures/b10/l09.html,"B10-L09 약물대사, 약물유전체학과 약물유해반응",,,,,예,,,미배정,1차 대응 후보: M05 (기타질환학)
B10-L10,archive/lectures/b10/l10.html,B10-L10 중독과 환경독성의 생화학,,,,,예,,,미배정,1차 대응 후보: M05 (기타질환학)
B10-L11,archive/lectures/b10/l11.html,B10-L11 정신질환의 신경생화학과 정신약물학,,,,,예,,,미배정,1차 대응 후보: M05 (기타질환학)
B10-L12,archive/lectures/b10/l12.html,"B10-L12 중환자 대사, 전신염증과 다장기 기능장애",,,,,예,,,미배정,1차 대응 후보: M05 (기타질환학)
