term_en,term_ko,usage,module,note
oxidative phosphorylation,산화적 인산화,한글+영문 병기,"M01,M02",확립된 한국 의학용어
gluconeogenesis,당신생,한글+영문 병기,M02,확립된 한국 의학용어
glomerular filtration rate,사구체여과율,한글+영문 병기(GFR),M05,약어 GFR 사용
HMG-CoA reductase,,영문 그대로,M02,효소명은 번역하지 않는다
LDL receptor,,영문 그대로,"M02,M05",유전자는 *LDLR*
SREBP-2,,영문 그대로,M02,
nanopore sequencing,,영문 그대로,"M03,M07",
astrocyte,,영문 그대로,"M04,M06",성상교세포 표기 혼용 금지
microglia,,영문 그대로,"M04,M06",
channelopathy,,영문 그대로,M04,
rate-limiting step,,영문 그대로,전체,율속 단계라는 조어를 쓰지 않는다
side chain,곁사슬,한글+영문 병기,M02,측쇄를 쓰지 않는다
conjugation,접합,한글+영문 병기,M02,담즙산 접합
enterohepatic circulation,장간 순환,한글+영문 병기,M02,
receptor-mediated endocytosis,,영문 그대로,"M01,M02",
amphipathic,양친매성,한글+영문 병기,M02,
cholesteryl ester,,영문 그대로,M02,
